1WPmedium_1DB , author , 0020 , 34.980237154150196 , 96 , 5 , 8850 , .05649717514124293785
1WPmedium_1DB , author , 0040 , 62.56015037593985 , 177 , 20 , 16641 , .12018508503094765939
1WPmedium_1DB , author , 0060 , 77.09034267912773 , 533 , 31 , 24746 , .12527277135698698779
1WPmedium_1DB , author , 0080 , 83.6930693069307 , 1086 , 38 , 33812 , .11238613509996450964
1WPmedium_1DB , author , 0100 , 78.80337078651685 , 1789 , 57 , 42081 , .13545305482284166250
1WPmedium_1DB , author , 0120 , 77.14307931570762 , 2333 , 292 , 49603 , .58867407213273390722
1WPmedium_1DB , author , 0140 , 76.19946091644205 , 2806 , 1092 , 56540 , 1.93137601697912981959
1WPmedium_1DB , author , 0160 , 80.53634085213032 , 3192 , 2062 , 64268 , 3.20843965892823800336
1WPmedium_1DB , author , 0180 , 85.09613130128956 , 3415 , 3432 , 72587 , 4.72811936021601664209
1WPmedium_1DB , author , 0200 , 84.75262054507337 , 3970 , 3638 , 80854 , 4.49946817720830138273
1WPmedium_1DB , author , 0220 , 90.72532188841201 , 4013 , 5901 , 84556 , 6.97880694451014712143
1WPmedium_1DB , author , 0240 , 93.40725806451613 , 4386 , 7163 , 92660 , 7.73041225987481113749
1WPmedium_1DB , author , 0260 , 91.342175066313 , 5101 , 7690 , 103308 , 7.44376040577690014326
1WPmedium_1DB , author , 0280 , 99.06860902255639 , 4816 , 12129 , 105409 , 11.50660759517688242939
1WPmedium_1DB , author , 0300 , 101.28480436760691 , 5138 , 11253 , 111312 , 10.10942216472617507546
1WPmedium_1DB , author , 0320 , 104.4761077324066 , 5458 , 12723 , 120252 , 10.58028140904101387087
1WPmedium_1DB , author , 0340 , 107.73916967509025 , 5367 , 17144 , 119375 , 14.36146596858638743455
1WPmedium_1DB , author , 0360 , 108.51932773109243 , 5985 , 16961 , 129138 , 13.13401167743034583159
1WPmedium_1DB , author , 0380 , 110.36312399355877 , 6125 , 15980 , 137071 , 11.65819174004712886022
1WPmedium_1DB , author , 0400 , 117.90379523389232 , 5775 , 22326 , 133585 , 16.71295429876108844555
1WPmedium_1DB , author , 0420 , 120.30560271646858 , 6044 , 22584 , 141720 , 15.93564775613886536833
1WPmedium_1DB , author , 0440 , 117.26319936958235 , 6626 , 23185 , 148807 , 15.58058424670882418165
1WPmedium_1DB , author , 0460 , 116.77689873417721 , 7206 , 23508 , 147606 , 15.92618186252591358074
1WPmedium_1DB , author , 0480 , 123.62612982744453 , 6319 , 24438 , 150453 , 16.24294630216745428805
1WPmedium_1DB , author , 0500 , 127.79030976965846 , 6491 , 30012 , 160888 , 18.65397046392521505643
1WPmedium_1DB , editor , 0020 , 27.475728155339805 , 136 , 0 , 5660 , 0
1WPmedium_1DB , editor , 0040 , 52.407407407407405 , 235 , 0 , 11320 , 0
1WPmedium_1DB , editor , 0060 , 64.31818181818181 , 719 , 0 , 16980 , 0
1WPmedium_1DB , editor , 0080 , 67.38095238095238 , 1441 , 0 , 22640 , 0
1WPmedium_1DB , editor , 0100 , 66.07058823529412 , 2098 , 189 , 28080 , .67307692307692307692
1WPmedium_1DB , editor , 0120 , 66.72564612326043 , 2720 , 240 , 33563 , .71507314602389536096
1WPmedium_1DB , editor , 0140 , 68.13780918727915 , 3205 , 898 , 38566 , 2.32847585956542031841
1WPmedium_1DB , editor , 0160 , 68.60675883256529 , 3898 , 1138 , 44663 , 2.54797035577547410608
1WPmedium_1DB , editor , 0180 , 76.8701923076923 , 3614 , 3227 , 47967 , 6.72754185168970333771
1WPmedium_1DB , editor , 0200 , 75.46022727272727 , 4424 , 3509 , 53124 , 6.60530080566222423010
1WPmedium_1DB , editor , 0220 , 77.71814671814671 , 4755 , 5089 , 60387 , 8.42731051385231920777
1WPmedium_1DB , editor , 0240 , 79.66167290886392 , 5242 , 5180 , 63809 , 8.11797708787161685655
1WPmedium_1DB , editor , 0260 , 82.75060827250608 , 5182 , 6229 , 68021 , 9.15746607665279840049
1WPmedium_1DB , editor , 0280 , 84.57456647398844 , 6034 , 7106 , 73157 , 9.71335620651475593586
1WPmedium_1DB , editor , 0300 , 87.04908675799086 , 5995 , 8249 , 76255 , 10.81765130155399645924
1WPmedium_1DB , editor , 0320 , 95.02235294117646 , 5825 , 11907 , 80769 , 14.74204212012034320098
1WPmedium_1DB , editor , 0340 , 97.18815331010452 , 5903 , 12509 , 83679 , 14.94879240908710668148
1WPmedium_1DB , editor , 0360 , 98.48597081930416 , 6319 , 12217 , 87751 , 13.92234846326537589315
1WPmedium_1DB , editor , 0380 , 91.86363636363636 , 7510 , 11572 , 90945 , 12.72417395128924074990
1WPmedium_1DB , editor , 0400 , 103.33543638275499 , 6901 , 16590 , 98272 , 16.88171605340280039075
1WPmedium_1DB , editor , 0420 , 102.66124109867752 , 7354 , 15557 , 100916 , 15.41579135122279915969
1WPmedium_1DB , editor , 0440 , 114 , 6598 , 20002 , 104196 , 19.19651426158393796306
1WPmedium_1DB , editor , 0460 , 105.16650808753568 , 7909 , 18683 , 110530 , 16.90310322989233692210
1WPmedium_1DB , editor , 0480 , 114.60252365930599 , 7223 , 20169 , 108987 , 18.50587684769743180379
1WPmedium_1DB , editor , 0500 , 115.78608515057113 , 7178 , 22337 , 111502 , 20.03282452332693583971
1WPmedium_1DB , shopmanager , 0020 , 34.71328671328671 , 94 , 10 , 9928 , .10072522159548751007
1WPmedium_1DB , shopmanager , 0040 , 68.83946488294315 , 148 , 16 , 20583 , .07773405237331778652
1WPmedium_1DB , shopmanager , 0060 , 80.99438202247191 , 494 , 33 , 28834 , .11444822085038496219
1WPmedium_1DB , shopmanager , 0080 , 89.76053215077606 , 973 , 36 , 40482 , .08892841262783459315
1WPmedium_1DB , shopmanager , 0100 , 85.37673611111111 , 1577 , 271 , 49177 , .55107062244545214226
1WPmedium_1DB , shopmanager , 0120 , 83.55182072829132 , 2151 , 534 , 59656 , .89513209065307764516
1WPmedium_1DB , shopmanager , 0140 , 85.94671623296159 , 2502 , 1751 , 69359 , 2.52454620164650586081
1WPmedium_1DB , shopmanager , 0160 , 85.72272727272727 , 2870 , 3264 , 75436 , 4.32684659844106262262
1WPmedium_1DB , shopmanager , 0180 , 81.93717816683831 , 3584 , 4029 , 79561 , 5.06403891353803999446
1WPmedium_1DB , shopmanager , 0200 , 85.8704761904762 , 3790 , 4626 , 90164 , 5.13065081407213522026
1WPmedium_1DB , shopmanager , 0220 , 89.10347903657448 , 4179 , 5342 , 99885 , 5.34815037292886819842
1WPmedium_1DB , shopmanager , 0260 , 96.56830601092896 , 4330 , 12384 , 106032 , 11.67949298325033952014
1WPmedium_1DB , shopmanager , 0280 , 101.41061946902654 , 4534 , 13016 , 114594 , 11.35836082168350873518
1WPmedium_1DB , shopmanager , 0300 , 103.35368956743002 , 4815 , 14721 , 121854 , 12.08085085430104879610
1WPmedium_1DB , shopmanager , 0320 , 104.17887563884156 , 5070 , 15603 , 122306 , 12.75734632806240086340
1WPmedium_1DB , shopmanager , 0340 , 107.86745098039216 , 5469 , 17203 , 137531 , 12.50845263976848855894
1WPmedium_1DB , shopmanager , 0360 , 106.27627388535032 , 5862 , 20580 , 133483 , 15.41769363889034558707
1WPmedium_1DB , shopmanager , 0380 , 113.15915915915916 , 5956 , 19909 , 150728 , 13.20856111671355023618
1WPmedium_1DB , shopmanager , 0400 , 107.92212267401791 , 6615 , 21376 , 156595 , 13.65049969666975318496
1WPmedium_1DB , shopmanager , 0420 , 115.47058823529412 , 6337 , 23518 , 157040 , 14.97580234335201222618
1WPmedium_1DB , shopmanager , 0440 , 123.35598455598456 , 5873 , 29175 , 159746 , 18.26336809685375533659
1WPmedium_1DB , shopmanager , 0460 , 125.04842428900845 , 6132 , 29122 , 162688 , 17.90052124311565696302
1WPmedium_1DB , shopmanager , 0480 , 122.15553977272727 , 6850 , 27169 , 171995 , 15.79638942992528852582
1WPmedium_1DB , shopmanager , 0500 , 123.76200873362446 , 6683 , 28818 , 170049 , 16.94688001693629483266
2WPmedium_1DB , author , 0020 , 33.64313725490196 , 109 , 14 , 8579 , .16318918288844853712
2WPmedium_1DB , author , 0040 , 67.56370656370656 , 128 , 22 , 17499 , .12572146979827418709
2WPmedium_1DB , author , 0060 , 96.66159695817491 , 155 , 35 , 25422 , .13767602863661395641
2WPmedium_1DB , author , 0080 , 123.84642857142858 , 195 , 50 , 34677 , .14418779017792773307
2WPmedium_1DB , author , 0100 , 146.91 , 337 , 55 , 44073 , .12479295713929162979
2WPmedium_1DB , author , 0120 , 154.05059523809524 , 540 , 72 , 51761 , .13910086744846506056
2WPmedium_1DB , author , 0140 , 162.96246648793564 , 769 , 72 , 60785 , .11845027556140495187
2WPmedium_1DB , author , 0160 , 164.51421800947867 , 1092 , 91 , 69425 , .13107670147641339575
2WPmedium_1DB , author , 0180 , 163.2537313432836 , 1424 , 134 , 76566 , .17501240759606091476
2WPmedium_1DB , author , 0200 , 159.841620626151 , 1708 , 192 , 86794 , .22121344793418899923
2WPmedium_1DB , author , 0220 , 156.80872483221478 , 2024 , 303 , 93458 , .32420980547411671552
2WPmedium_1DB , author , 0240 , 158.43313069908814 , 2265 , 385 , 104249 , .36930809887864631795
2WPmedium_1DB , author , 0260 , 153.3606102635229 , 2580 , 619 , 110573 , .55981116547439248279
2WPmedium_1DB , author , 0280 , 153.22692307692307 , 2764 , 865 , 119517 , .72374641264422634436
2WPmedium_1DB , author , 0300 , 153.59669811320754 , 3053 , 983 , 130250 , .75470249520153550863
2WPmedium_1DB , author , 0320 , 154.4468085106383 , 3436 , 1618 , 137921 , 1.17313534559639213752
2WPmedium_1DB , author , 0340 , 159.57997823721436 , 3432 , 1952 , 146654 , 1.33102404298553056854
2WPmedium_1DB , author , 0360 , 157.9251282051282 , 3827 , 3009 , 153977 , 1.95418796313735168239
2WPmedium_1DB , author , 0380 , 158.27649325626203 , 4048 , 3180 , 164291 , 1.93558989841196413680
2WPmedium_1DB , author , 0400 , 158.90284142988085 , 4259 , 5078 , 173363 , 2.92911405547896610003
2WPmedium_1DB , author , 0420 , 164.50735294117646 , 4345 , 6679 , 178984 , 3.73161846868993876547
2WPmedium_1DB , author , 0440 , 175.77431539187913 , 4357 , 9762 , 186145 , 5.24429879932310832952
2WPmedium_1DB , author , 0460 , 176.72201834862386 , 4554 , 12304 , 192627 , 6.38747423777559739808
2WPmedium_1DB , author , 0480 , 184.46245421245422 , 4568 , 15604 , 201433 , 7.74649635362626779127
2WPmedium_1DB , author , 0500 , 193.63805970149255 , 4434 , 19009 , 207580 , 9.15743327873590904711
2WPmedium_1DB , editor , 0020 , 28.682926829268293 , 117 , 0 , 5880 , 0
2WPmedium_1DB , editor , 0040 , 56.53846153846154 , 164 , 0 , 11760 , 0
2WPmedium_1DB , editor , 0060 , 83.59715639810426 , 177 , 0 , 17639 , 0
2WPmedium_1DB , editor , 0080 , 108.3778801843318 , 243 , 0 , 23518 , 0
2WPmedium_1DB , editor , 0100 , 123.52941176470588 , 425 , 0 , 29400 , 0
2WPmedium_1DB , editor , 0120 , 132.12734082397003 , 706 , 0 , 35278 , 0
2WPmedium_1DB , editor , 0140 , 137.19333333333333 , 1012 , 0 , 41158 , 0
2WPmedium_1DB , editor , 0160 , 141.4879518072289 , 1338 , 9 , 46974 , .01915953506194916336
2WPmedium_1DB , editor , 0180 , 141.71236559139786 , 1689 , 31 , 52717 , .05880456019879735189
2WPmedium_1DB , editor , 0200 , 136.28671328671328 , 1969 , 93 , 58467 , .15906408743393709271
2WPmedium_1DB , editor , 0220 , 136.5744680851064 , 2293 , 154 , 64190 , .23991275899672846237
2WPmedium_1DB , editor , 0240 , 137.39489194499018 , 2566 , 278 , 69934 , .39751765950753567649
2WPmedium_1DB , editor , 0260 , 140.53159851301115 , 2837 , 419 , 75606 , .55418882099304288019
2WPmedium_1DB , editor , 0280 , 136.90740740740742 , 3122 , 595 , 81323 , .73165033262422684849
2WPmedium_1DB , editor , 0300 , 136.55974842767296 , 3289 , 804 , 86852 , .92571270667342145258
2WPmedium_1DB , editor , 0320 , 143.8934169278997 , 3473 , 2212 , 91804 , 2.40948106836303429044
2WPmedium_1DB , editor , 0340 , 138.9801699716714 , 3968 , 1500 , 98120 , 1.52874031797798613942
2WPmedium_1DB , editor , 0360 , 141.3910081743869 , 4157 , 1983 , 103781 , 1.91075437700542488509
2WPmedium_1DB , editor , 0380 , 140.9346153846154 , 4564 , 1803 , 109929 , 1.64014955107387495565
2WPmedium_1DB , editor , 0400 , 145.228025477707 , 4773 , 3787 , 114004 , 3.32181326970983474264
2WPmedium_1DB , editor , 0420 , 150.78867924528302 , 4744 , 4999 , 119877 , 4.17010769371939571394
2WPmedium_1DB , editor , 0440 , 157.92025316455695 , 4845 , 7330 , 124757 , 5.87542182001811521597
2WPmedium_1DB , editor , 0460 , 166.757343550447 , 4636 , 10971 , 130571 , 8.40232517174564030297
2WPmedium_1DB , editor , 0480 , 172.14795918367346 , 4800 , 13112 , 134964 , 9.71518330814143030734
2WPmedium_1DB , editor , 0500 , 170.87545344619105 , 5008 , 12703 , 141314 , 8.98920135301527095687
2WPmedium_1DB , shopmanager , 0020 , 35.724738675958186 , 79 , 12 , 10253 , .11703891543938359504
2WPmedium_1DB , shopmanager , 0040 , 68.44816053511705 , 119 , 25 , 20466 , .12215381608521450210
2WPmedium_1DB , shopmanager , 0060 , 98.77096774193548 , 156 , 36 , 30619 , .11757405532512492243
2WPmedium_1DB , shopmanager , 0080 , 122.91916167664671 , 218 , 53 , 41055 , .12909511630739252222
2WPmedium_1DB , shopmanager , 0100 , 123.34866828087166 , 394 , 62 , 50943 , .12170465029542822370
2WPmedium_1DB , shopmanager , 0120 , 127.06067415730337 , 688 , 261 , 56542 , .46160376357398040394
2WPmedium_1DB , shopmanager , 0140 , 136.07003891050584 , 876 , 120 , 69940 , .17157563625965112953
2WPmedium_1DB , shopmanager , 0160 , 129.8586030664395 , 1180 , 158 , 76227 , .20727563724139740511
2WPmedium_1DB , shopmanager , 0180 , 157.32828282828282 , 1387 , 115 , 93453 , .12305650968936256727
2WPmedium_1DB , shopmanager , 0200 , 129.5048951048951 , 1865 , 390 , 92596 , .42118450041038489783
2WPmedium_1DB , shopmanager , 0220 , 139.03674540682414 , 2101 , 357 , 105946 , .33696411379381949294
2WPmedium_1DB , shopmanager , 0240 , 138.64433617539586 , 2369 , 545 , 113827 , .47879677053774587751
2WPmedium_1DB , shopmanager , 0260 , 135.97117516629712 , 2709 , 802 , 122646 , .65391451820687180992
2WPmedium_1DB , shopmanager , 0280 , 135.009375 , 2896 , 1266 , 129609 , .97678401962826655556
2WPmedium_1DB , shopmanager , 0300 , 136.78131416837783 , 3232 , 1748 , 133225 , 1.31206605366860574216
2WPmedium_1DB , shopmanager , 0320 , 128.60152526215444 , 3632 , 2723 , 134903 , 2.01848735758285582974
2WPmedium_1DB , shopmanager , 0340 , 139.85828877005346 , 3753 , 2608 , 156921 , 1.66198278114465240471
2WPmedium_1DB , shopmanager , 0360 , 139.56650246305418 , 4091 , 2699 , 169992 , 1.58772177514235964045
2WPmedium_1DB , shopmanager , 0380 , 137.12682926829268 , 4359 , 4541 , 168666 , 2.69230313163293135545
2WPmedium_1DB , shopmanager , 0400 , 139.1472602739726 , 4622 , 8611 , 162524 , 5.29829440574930471807
2WPmedium_1DB , shopmanager , 0420 , 141.11344211344212 , 4811 , 7740 , 181613 , 4.26180945196654424518
2WPmedium_1DB , shopmanager , 0440 , 152.9760956175299 , 4589 , 13961 , 191985 , 7.27192228559522879391
2WPmedium_1DB , shopmanager , 0460 , 156.74506708760853 , 4909 , 13667 , 198596 , 6.88181030836472033676
2WPmedium_1DB , shopmanager , 0480 , 154.38874680306904 , 5035 , 17720 , 181098 , 9.78475742415708621851
2WPmedium_1DB , shopmanager , 0500 , 156.66057233704294 , 4963 , 20974 , 197079 , 10.64243273002197088477
3WPmedium_1DB , author , 0020 , 34.81496062992126 , 96 , 12 , 8843 , .13570055411059595160
3WPmedium_1DB , author , 0040 , 67.56106870229007 , 128 , 22 , 17701 , .12428676345969154285
3WPmedium_1DB , author , 0060 , 94.64338235294117 , 148 , 40 , 25743 , .15538204560463038495
3WPmedium_1DB , author , 0080 , 117.72108843537416 , 194 , 45 , 34610 , .13002022536839063854
3WPmedium_1DB , author , 0100 , 143.36026936026937 , 206 , 65 , 42578 , .15266099863779416600
3WPmedium_1DB , author , 0120 , 171.5808580858086 , 222 , 73 , 51989 , .14041431841351055030
3WPmedium_1DB , author , 0140 , 162.68539325842696 , 356 , 123 , 57916 , .21237654534152911112
3WPmedium_1DB , author , 0160 , 183.98637602179838 , 504 , 116 , 67523 , .17179331487048857426
3WPmedium_1DB , author , 0180 , 191.8295739348371 , 605 , 159 , 76540 , .20773451789913770577
3WPmedium_1DB , author , 0200 , 198.51294117647058 , 792 , 157 , 84368 , .18608951261141665086
3WPmedium_1DB , author , 0220 , 211.01357466063348 , 973 , 180 , 93268 , .19299223742333919457
3WPmedium_1DB , author , 0240 , 201.28 , 1195 , 293 , 100640 , .29113672496025437201
3WPmedium_1DB , author , 0260 , 191.72450805008944 , 1494 , 289 , 107174 , .26965495362681247317
3WPmedium_1DB , author , 0280 , 194.0777027027027 , 1752 , 306 , 114894 , .26633244555851480495
3WPmedium_1DB , author , 0300 , 204.57283142389525 , 1934 , 393 , 124994 , .31441509192441237179
3WPmedium_1DB , author , 0320 , 194.40978593272172 , 2137 , 609 , 127144 , .47898445856666456930
3WPmedium_1DB , author , 0340 , 188.93767705382436 , 2417 , 713 , 133390 , .53452282779818577104
3WPmedium_1DB , author , 0360 , 184.39027431421445 , 2587 , 1022 , 147881 , .69109621925737586302
3WPmedium_1DB , author , 0380 , 186.99253731343285 , 2544 , 1887 , 150342 , 1.25513828471085924093
3WPmedium_1DB , author , 0400 , 206.59695817490496 , 2513 , 2765 , 163005 , 1.69626698567528603417
3WPmedium_1DB , author , 0420 , 206.35878787878787 , 2577 , 4395 , 170246 , 2.58155845071249838469
3WPmedium_1DB , author , 0440 , 205.4301204819277 , 2685 , 6240 , 170507 , 3.65967379638372618132
3WPmedium_1DB , author , 0460 , 226.1539393939394 , 2673 , 9047 , 186577 , 4.84893636407488597201
3WPmedium_1DB , author , 0480 , 229.15576694411416 , 2726 , 11081 , 192720 , 5.74979244499792444997
3WPmedium_1DB , author , 0500 , 235.81125439624853 , 2864 , 13137 , 201147 , 6.53104446002177511968
3WPmedium_1DB , editor , 0020 , 28.765853658536585 , 122 , 0 , 5897 , 0
3WPmedium_1DB , editor , 0040 , 56.99516908212561 , 145 , 0 , 11798 , 0
3WPmedium_1DB , editor , 0060 , 85.08653846153847 , 168 , 0 , 17698 , 0
3WPmedium_1DB , editor , 0080 , 112.35714285714286 , 178 , 0 , 23595 , 0
3WPmedium_1DB , editor , 0100 , 137.80373831775702 , 220 , 0 , 29490 , 0
3WPmedium_1DB , editor , 0120 , 161.6118721461187 , 228 , 0 , 35393 , 0
3WPmedium_1DB , editor , 0140 , 176.46153846153845 , 313 , 0 , 41292 , 0
3WPmedium_1DB , editor , 0160 , 187.07539682539684 , 492 , 7 , 47143 , .01484843985321256602
3WPmedium_1DB , editor , 0180 , 196.728624535316 , 681 , 25 , 52920 , .04724111866969009826
3WPmedium_1DB , editor , 0200 , 201.77319587628867 , 879 , 39 , 58716 , .06642141835274882485
3WPmedium_1DB , editor , 0220 , 207.43408360128618 , 1103 , 53 , 64512 , .08215525793650793650
3WPmedium_1DB , editor , 0240 , 207.7337278106509 , 1338 , 82 , 70214 , .11678582618850941407
3WPmedium_1DB , editor , 0260 , 209.79558011049724 , 1567 , 104 , 75946 , .13693940431359123587
3WPmedium_1DB , editor , 0280 , 203.68329177057356 , 1821 , 136 , 81677 , .16650954369039019552
3WPmedium_1DB , editor , 0300 , 206.30188679245282 , 1953 , 159 , 87472 , .18177245289921346259
3WPmedium_1DB , editor , 0320 , 204.94945054945055 , 2150 , 196 , 93252 , .21018315961051773688
3WPmedium_1DB , editor , 0340 , 200.9042769857434 , 2329 , 322 , 98644 , .32642634118648878796
3WPmedium_1DB , editor , 0360 , 186.77540106951872 , 2457 , 497 , 104781 , .47432263482883347171
3WPmedium_1DB , editor , 0380 , 192.29827586206898 , 2674 , 921 , 111533 , .82576457192041817220
3WPmedium_1DB , editor , 0400 , 202.86135181975737 , 2595 , 2014 , 117051 , 1.72061750860735918531
3WPmedium_1DB , editor , 0420 , 213.85191637630663 , 2683 , 3250 , 122751 , 2.64763627180226637664
3WPmedium_1DB , editor , 0440 , 219.0904347826087 , 2788 , 5204 , 125977 , 4.13091278566722496963
3WPmedium_1DB , editor , 0460 , 224.96724137931034 , 2774 , 6316 , 130481 , 4.84055149791923728358
3WPmedium_1DB , editor , 0480 , 230.40709459459458 , 2978 , 8331 , 136401 , 6.10772648294367343347
3WPmedium_1DB , editor , 0500 , 241.85398981324278 , 3053 , 10271 , 142452 , 7.21014797967034509869
3WPmedium_1DB , shopmanager , 0020 , 36.05084745762712 , 85 , 14 , 10635 , .13164080865068171133
3WPmedium_1DB , shopmanager , 0040 , 66.53870967741935 , 126 , 32 , 20627 , .15513647161487370921
3WPmedium_1DB , shopmanager , 0060 , 94.16564417177914 , 157 , 40 , 30698 , .13030164831585119551
3WPmedium_1DB , shopmanager , 0080 , 116.50143266475645 , 189 , 58 , 40659 , .14264984382301581445
3WPmedium_1DB , shopmanager , 0100 , 113.05787037037037 , 343 , 108 , 48841 , .22112569357711758563
3WPmedium_1DB , shopmanager , 0120 , 134.79043280182233 , 378 , 117 , 59173 , .19772531391006033157
3WPmedium_1DB , shopmanager , 0140 , 133.54361054766736 , 529 , 166 , 65837 , .25213785561310509288
3WPmedium_1DB , shopmanager , 0160 , 151.31663326653307 , 605 , 206 , 75507 , .27282238732832717496
3WPmedium_1DB , shopmanager , 0180 , 157.87037037037038 , 709 , 218 , 85250 , .25571847507331378299
3WPmedium_1DB , shopmanager , 0200 , 173.06099815157117 , 852 , 397 , 93626 , .42402751372482002862
3WPmedium_1DB , shopmanager , 0220 , 172.9248120300752 , 1056 , 968 , 91996 , 1.05221966172442280099
3WPmedium_1DB , shopmanager , 0240 , 172.81951219512194 , 1228 , 778 , 106284 , .73200105378043731888
3WPmedium_1DB , shopmanager , 0260 , 180.61812297734627 , 1405 , 971 , 111622 , .86990019888552435899
3WPmedium_1DB , shopmanager , 0280 , 174.76548672566372 , 1663 , 1008 , 118491 , .85069752133073397979
3WPmedium_1DB , shopmanager , 0300 , 163.48476052249637 , 1977 , 1641 , 112641 , 1.45684075958132473965
3WPmedium_1DB , shopmanager , 0320 , 175.20530726256985 , 2076 , 1665 , 125447 , 1.32725374062353025580
3WPmedium_1DB , shopmanager , 0340 , 167.1857659831122 , 2266 , 1680 , 138597 , 1.21214744907898439360
3WPmedium_1DB , shopmanager , 0360 , 167.98273878020714 , 2342 , 1872 , 145977 , 1.28239380176329147742
3WPmedium_1DB , shopmanager , 0380 , 178.25750577367205 , 2359 , 2989 , 154371 , 1.93624450188183013648
3WPmedium_1DB , shopmanager , 0400 , 176.63678696158323 , 2528 , 4824 , 151731 , 3.17931075389999406845
3WPmedium_1DB , shopmanager , 0420 , 180.13674321503132 , 2556 , 6098 , 172571 , 3.53361804706468641892
3WPmedium_1DB , shopmanager , 0440 , 176.64307692307693 , 2631 , 8276 , 172227 , 4.80528604690321494306
3WPmedium_1DB , shopmanager , 0460 , 176.84109311740892 , 2880 , 11026 , 174719 , 6.31070461712807422203
3WPmedium_1DB , shopmanager , 0480 , 188.58725182863114 , 3099 , 12962 , 180478 , 7.18203880805416726692
3WPmedium_1DB , shopmanager , 0500 , 187.5412935323383 , 2922 , 14997 , 188479 , 7.95685460979737795722
1WPlarge_1DB , author , 0020 , 33.583969465648856 , 151 , 10 , 8799 , .11364927832708262302
1WPlarge_1DB , author , 0040 , 59.07063197026022 , 208 , 34 , 15890 , .21397105097545626179
1WPlarge_1DB , author , 0060 , 76.05919003115265 , 551 , 40 , 24415 , .16383370878558263362
1WPlarge_1DB , author , 0080 , 83.287841191067 , 1075 , 56 , 33565 , .16684045881126173096
1WPlarge_1DB , author , 0100 , 81.32558139534883 , 1688 , 268 , 41964 , .63864264607759031550
1WPlarge_1DB , author , 0120 , 75.31498470948013 , 2429 , 233 , 49256 , .47303881760597693681
1WPlarge_1DB , author , 0140 , 78.74862637362638 , 2796 , 1243 , 57329 , 2.16818713042264822341
1WPlarge_1DB , author , 0160 , 77.08594657375146 , 3346 , 1308 , 66371 , 1.97074023293305811272
1WPlarge_1DB , author , 0180 , 83.48815165876778 , 3484 , 3526 , 70464 , 5.00397366030881017257
1WPlarge_1DB , author , 0200 , 88.86890951276102 , 3624 , 5326 , 76605 , 6.95254878924352196331
1WPlarge_1DB , author , 0220 , 86.196 , 4310 , 6396 , 86196 , 7.42029792565780314631
1WPlarge_1DB , author , 0240 , 95.5742067553736 , 4207 , 8795 , 93376 , 9.41890849897189856065
1WPlarge_1DB , author , 0260 , 95.16917293233082 , 4698 , 8892 , 101260 , 8.78135492790835473039
1WPlarge_1DB , author , 0280 , 96.26537785588752 , 5076 , 10323 , 109550 , 9.42309447740757644910
1WPlarge_1DB , author , 0300 , 98.80897887323944 , 5328 , 11976 , 112247 , 10.66932746532201306048
1WPlarge_1DB , author , 0320 , 107.27524752475247 , 4937 , 15154 , 108348 , 13.98641414700778971462
1WPlarge_1DB , author , 0340 , 103.44240400667779 , 5860 , 14438 , 123924 , 11.65068913204867499435
1WPlarge_1DB , author , 0360 , 111.9193109700816 , 5291 , 15550 , 123447 , 12.59649890236295738252
1WPlarge_1DB , author , 0380 , 102.85822592873389 , 6861 , 14980 , 135670 , 11.04149775189798776442
1WPlarge_1DB , author , 0400 , 110.9253499222395 , 6538 , 19449 , 142650 , 13.63406940063091482649
1WPlarge_1DB , author , 0420 , 119.64828738512949 , 6119 , 22947 , 143219 , 16.02231547490207304896
1WPlarge_1DB , author , 0440 , 114.62044926413633 , 6854 , 22333 , 147975 , 15.09241425916539956073
1WPlarge_1DB , author , 0460 , 120.81410256410257 , 6372 , 23634 , 150776 , 15.67490847349710829309
1WPlarge_1DB , author , 0480 , 119.5134281200632 , 6811 , 23593 , 151304 , 15.59311055887484798815
1WPlarge_1DB , author , 0500 , 120.50628930817611 , 7102 , 24350 , 153284 , 15.88554578429581691500
1WPlarge_1DB , editor , 0020 , 27.609756097560975 , 120 , 0 , 5660 , 0
1WPlarge_1DB , editor , 0040 , 52.16589861751152 , 234 , 0 , 11320 , 0
1WPlarge_1DB , editor , 0060 , 64.31818181818181 , 717 , 0 , 16980 , 0
1WPlarge_1DB , editor , 0080 , 67.38095238095238 , 1417 , 0 , 22640 , 0
1WPlarge_1DB , editor , 0100 , 64.75972540045767 , 2119 , 16 , 28300 , .05653710247349823321
1WPlarge_1DB , editor , 0120 , 66.96626984126983 , 2661 , 477 , 33751 , 1.41329145803087315931
1WPlarge_1DB , editor , 0140 , 70.53492647058823 , 3096 , 1259 , 38371 , 3.28112376534361887884
1WPlarge_1DB , editor , 0160 , 68.48125 , 3712 , 1442 , 43828 , 3.29013416081044081409
1WPlarge_1DB , editor , 0180 , 74.29357798165138 , 4012 , 2389 , 48588 , 4.91685189758788178150
1WPlarge_1DB , editor , 0200 , 75.85754583921016 , 4440 , 3384 , 53783 , 6.29195098823048175073
1WPlarge_1DB , editor , 0220 , 75.25531914893617 , 5103 , 3515 , 60129 , 5.84576493871509587719
1WPlarge_1DB , editor , 0240 , 77.78461538461538 , 5326 , 5192 , 65728 , 7.89922103213242453748
1WPlarge_1DB , editor , 0260 , 81.6453143534994 , 5512 , 6013 , 68827 , 8.73639705348191843317
1WPlarge_1DB , editor , 0280 , 84.08371040723982 , 5844 , 7142 , 74330 , 9.60850262343602852145
1WPlarge_1DB , editor , 0300 , 89.85634743875278 , 5835 , 10598 , 80691 , 13.13405460336344821603
1WPlarge_1DB , editor , 0320 , 96.38300349243306 , 5914 , 12454 , 82793 , 15.04233449687775536579
1WPlarge_1DB , editor , 0340 , 89.25250501002004 , 7079 , 9525 , 89074 , 10.69335608595100702786
1WPlarge_1DB , editor , 0360 , 91.95228426395938 , 7052 , 11064 , 90573 , 12.21556092875360206684
1WPlarge_1DB , editor , 0380 , 106.61954022988506 , 6382 , 15028 , 92759 , 16.20112334113131879386
1WPlarge_1DB , editor , 0400 , 95.91257367387034 , 7553 , 13671 , 97639 , 14.00157723860342690932
1WPlarge_1DB , editor , 0420 , 107.38782051282051 , 6867 , 18011 , 100515 , 17.91871859921404765457
1WPlarge_1DB , editor , 0440 , 109.734375 , 6783 , 19113 , 105345 , 18.14324362807916844653
1WPlarge_1DB , editor , 0460 , 104.40415486307838 , 8055 , 17635 , 110564 , 15.95003798704822546217
1WPlarge_1DB , editor , 0480 , 110.23559670781893 , 7426 , 18628 , 107149 , 17.38513658550243119394
1WPlarge_1DB , editor , 0500 , 105.38468720821662 , 8123 , 19301 , 112867 , 17.10065829693355896763
1WPlarge_1DB , shopmanager , 0020 , 35.427083333333336 , 96 , 12 , 10203 , .11761246692149367832
1WPlarge_1DB , shopmanager , 0040 , 63.31893687707641 , 188 , 28 , 19059 , .14691221994858072301
1WPlarge_1DB , shopmanager , 0060 , 85.32394366197182 , 444 , 40 , 30290 , .13205678441729943875
1WPlarge_1DB , shopmanager , 0080 , 88.4586129753915 , 974 , 57 , 39541 , .14415416909031132242
1WPlarge_1DB , shopmanager , 0100 , 80.4806070826307 , 1624 , 215 , 47725 , .45049764274489261393
1WPlarge_1DB , shopmanager , 0120 , 76.48456375838926 , 2231 , 643 , 56981 , 1.12844632421333426931
1WPlarge_1DB , shopmanager , 0140 , 80.10960591133005 , 2593 , 1555 , 65049 , 2.39050561884118126335
1WPlarge_1DB , shopmanager , 0160 , 84.27241770715096 , 3027 , 2325 , 74244 , 3.13156618716663972846
1WPlarge_1DB , shopmanager , 0180 , 83.85330578512396 , 3405 , 3257 , 81170 , 4.01256621904644573118
1WPlarge_1DB , shopmanager , 0200 , 86.568359375 , 3741 , 5573 , 88646 , 6.28680369108589220043
1WPlarge_1DB , shopmanager , 0220 , 86.11341134113411 , 4156 , 7679 , 95672 , 8.02638180449870390500
1WPlarge_1DB , shopmanager , 0240 , 94.1747146619842 , 4262 , 8675 , 107265 , 8.08744697711275812240
1WPlarge_1DB , shopmanager , 0260 , 97.41904761904762 , 4571 , 10498 , 112519 , 9.32997982562944924857
1WPlarge_1DB , shopmanager , 0280 , 96.53198653198653 , 4938 , 12144 , 114680 , 10.58946634112312521799
1WPlarge_1DB , shopmanager , 0300 , 95.68076923076923 , 5375 , 14552 , 124385 , 11.69915986654339349600
1WPlarge_1DB , shopmanager , 0320 , 102.3728949478749 , 5356 , 15554 , 127659 , 12.18402149476339310193
1WPlarge_1DB , shopmanager , 0340 , 103.75462590506838 , 5381 , 18270 , 128967 , 14.16641466421642745818
1WPlarge_1DB , shopmanager , 0360 , 113.98514851485149 , 5213 , 22509 , 138150 , 16.29315960912052117263
1WPlarge_1DB , shopmanager , 0380 , 109.49771689497717 , 6195 , 19422 , 143880 , 13.49874895746455379482
1WPlarge_1DB , shopmanager , 0400 , 113.15260454878944 , 6120 , 22470 , 154227 , 14.56943336769826295006
1WPlarge_1DB , shopmanager , 0420 , 113.17604617604617 , 6235 , 25457 , 156862 , 16.22891458734428988537
1WPlarge_1DB , shopmanager , 0440 , 115.25340014316393 , 6750 , 24644 , 161009 , 15.30597668453316274245
1WPlarge_1DB , shopmanager , 0460 , 121.43307638402243 , 6493 , 26507 , 173285 , 15.29676544421040482442
1WPlarge_1DB , shopmanager , 0480 , 127.2118334550767 , 6595 , 32364 , 174153 , 18.58365919622400992230
1WPlarge_1DB , shopmanager , 0500 , 122.87153482082488 , 6757 , 30764 , 181727 , 16.92868973790355863465
1WPmedium_1DBmedium , author , 0020 , 30.602272727272727 , 140 , 17 , 8079 , .21042208194083426166
1WPmedium_1DBmedium , author , 0040 , 53.67687074829932 , 246 , 33 , 15781 , .20911222355997718775
1WPmedium_1DBmedium , author , 0060 , 65.6005291005291 , 586 , 40 , 24797 , .16130983586724200508
1WPmedium_1DBmedium , author , 0080 , 68.98301486199576 , 1206 , 62 , 32491 , .19082207380505370718
1WPmedium_1DBmedium , author , 0100 , 70.61092150170649 , 1858 , 67 , 41378 , .16192179419014935472
1WPmedium_1DBmedium , author , 0120 , 71.03115727002967 , 2487 , 938 , 47875 , 1.95926892950391644908
1WPmedium_1DBmedium , author , 0140 , 72.78191489361703 , 2879 , 2116 , 54732 , 3.86611123291675802090
1WPmedium_1DBmedium , author , 0160 , 73.05504587155963 , 3478 , 1643 , 63704 , 2.57911591108878563355
1WPmedium_1DBmedium , author , 0180 , 72.66127401415571 , 4139 , 2350 , 71862 , 3.27015668920987448164
1WPmedium_1DBmedium , author , 0200 , 75.74389051808407 , 4168 , 5594 , 77486 , 7.21936866014505846217
1WPmedium_1DBmedium , author , 0220 , 70.11038430089943 , 4919 , 4721 , 85745 , 5.50586040002332497521
1WPmedium_1DBmedium , author , 0240 , 80.80442804428044 , 4834 , 7876 , 87592 , 8.99168873869759795415
1WPmedium_1DBmedium , author , 0260 , 80.55453788509575 , 5639 , 9062 , 96746 , 9.36679552643003328302
1WPmedium_1DBmedium , author , 0280 , 83.62668784749802 , 5847 , 11341 , 105286 , 10.77161256007446384134
1WPmedium_1DBmedium , author , 0300 , 86.48459616985845 , 5902 , 13850 , 103868 , 13.33423190973158239303
1WPmedium_1DBmedium , author , 0320 , 83.82599118942731 , 6801 , 15193 , 114171 , 13.30723213425475821355
